-- Hullboard demo data (matches prisma/seed.mjs)
-- Run AFTER: pnpm db push  (creates tables on Neon)
-- Paste into Neon SQL Editor or: psql $DATABASE_URL -f prisma/neon-demo-data.sql

BEGIN;
TRUNCATE TABLE "CallBoardEntry", "AssistanceRequest", "WorkSession", "Job", "Metric", "Ship", "User" RESTART IDENTITY CASCADE;

INSERT INTO "User" ("id", "name", "role", "departmentScope", "title") VALUES (1, 'Alex Rivera', 'TECHNICIAN', 'Pipe Fabrication & Installation', 'Pipefitter A');
INSERT INTO "User" ("id", "name", "role", "departmentScope", "title") VALUES (2, 'Jordan Mills', 'TECHNICIAN', 'Welding Production', 'Welder B');
INSERT INTO "User" ("id", "name", "role", "departmentScope", "title") VALUES (3, 'Sam Okonkwo', 'FOREMAN', 'Pipe Fabrication & Installation', 'Pipe Shop Foreman');
INSERT INTO "User" ("id", "name", "role", "departmentScope", "title") VALUES (4, 'Riley Nguyen', 'FOREMAN', 'Electrical & Shipboard Cable', 'Electrical Foreman');
INSERT INTO "User" ("id", "name", "role", "departmentScope", "title") VALUES (5, 'Dr. Casey Lin', 'ENGINEER', NULL, 'Hull Mechanical Engineer');
INSERT INTO "User" ("id", "name", "role", "departmentScope", "title") VALUES (6, 'Morgan Stiles', 'IE', NULL, 'Industrial Engineer');
INSERT INTO "User" ("id", "name", "role", "departmentScope", "title") VALUES (7, 'Admin Demo', 'ADMIN', NULL, 'Yard Administrator');

INSERT INTO "Ship" ("id", "hullNumber", "shipClass", "displayLabel") VALUES (1, 129, 'DDG', 'DDG 129 (demo build band)');
INSERT INTO "Job" ("shipId", "woNumber", "department", "workCenterCode", "jobDescription", "phase", "buildContext", "workPackageCode", "drawingRef", "zone", "scheduleCode", "allocatedHours", "actualHours", "materialCost", "notes", "status", "dateCreated") VALUES (1, 'ISB-DDG129-PLAN-YARD-001', 'Planning Yard', 'PLAN-YARD', 'Line-of-balance & zone turnover — aft VLS alley staging (DDG 129 new-build band).', 'Outfit / planning', 'DDG Flight IIA — Aegis Baseline 9C2 (demo label)', 'WP-2026-DG51-OUT-OLB-0401', '470-800-9912042 Rev D (zone control index)', 'Planning Yard support · OB-3 turnover board', 'LOB-OUT-12A', 36, NULL, NULL, NULL, 'OPEN', '2026-04-22T23:53:42.074Z'::timestamptz);
INSERT INTO "Job" ("shipId", "woNumber", "department", "workCenterCode", "jobDescription", "phase", "buildContext", "workPackageCode", "drawingRef", "zone", "scheduleCode", "allocatedHours", "actualHours", "materialCost", "notes", "status", "dateCreated") VALUES (1, 'ISB-DDG129-PIPE-002', 'Pipe Fabrication & Installation', 'PIPE', 'JP-5 service loop 3–5: hydraulic torque sequence + VT witness per COMNAVSEA drawing index.', 'Hull / utilities', 'DDG Flight IIA — Aegis Baseline 9C2 (demo label)', 'WP-2026-DG51-PIP-SVC-1184', '500-200-8811033 Rev B (piping assembly)', 'P-1, Fr 165-210, Port · VLS alley cableway', 'LOB-HULL-14B', 48, NULL, NULL, NULL, 'OPEN', '2026-04-22T22:53:42.074Z'::timestamptz);
INSERT INTO "Job" ("shipId", "woNumber", "department", "workCenterCode", "jobDescription", "phase", "buildContext", "workPackageCode", "drawingRef", "zone", "scheduleCode", "allocatedHours", "actualHours", "materialCost", "notes", "status", "dateCreated") VALUES (1, 'ISB-DDG129-ELEC-003', 'Electrical & Shipboard Cable', 'ELEC', 'ANEW coax rough-in from CIWS foundation to ECM deckhouse — EMI survey gate before foil pull.', 'Combat systems cableway', 'DDG Flight IIA — Aegis Baseline 9C2 (demo label)', 'WP-2026-DG51-ELEC-CS-2201', '600-500-7700144 Rev C (shipboard cable schedule)', 'Deckhouse L04 · Cableway CS-17', 'LOB-CSYS-09A', 60, NULL, NULL, NULL, 'OPEN', '2026-04-22T21:53:42.074Z'::timestamptz);
INSERT INTO "Job" ("shipId", "woNumber", "department", "workCenterCode", "jobDescription", "phase", "buildContext", "workPackageCode", "drawingRef", "zone", "scheduleCode", "allocatedHours", "actualHours", "materialCost", "notes", "status", "dateCreated") VALUES (1, 'ISB-DDG129-STRUCT-OUTFIT-004', 'Structural Outfitting (Hatch & Shell)', 'STRUCT-OUTFIT', 'Fwd CIWS magazine hatch — shell continuity & sill flatness QC hold point.', 'Deckhouse closure', 'DDG Flight IIA — Aegis Baseline 9C2 (demo label)', 'WP-2026-DG51-STR-CIWS-0550', '100-800-4429001 Rev A (CIWS foundation)', 'Fwd 01 · Hatch opening CIWS-1', 'LOB-DH-07C', 72, NULL, NULL, 'Hold: coordination with waterfront crane window.', 'OPEN', '2026-04-22T20:53:42.074Z'::timestamptz);
INSERT INTO "Job" ("shipId", "woNumber", "department", "workCenterCode", "jobDescription", "phase", "buildContext", "workPackageCode", "drawingRef", "zone", "scheduleCode", "allocatedHours", "actualHours", "materialCost", "notes", "status", "dateCreated") VALUES (1, 'ISB-DDG129-BLAST-PAINT-005', 'Abrasive Blasting & Paint', 'BLAST-PAINT', 'Fo’c’sle void — SP-10 abrasive profile + tank coat holiday spark test bundle.', 'Tank / void', 'DDG Flight IIA — Aegis Baseline 9C2 (demo label)', 'WP-2026-DG51-PRES-TK-3312', '700-400-5512008 Rev B (tank coatings)', 'Fo’c’sle void TK-04-12', 'LOB-PRES-11D', 84, NULL, NULL, NULL, 'IN_PROGRESS', '2026-04-22T19:53:42.074Z'::timestamptz);
INSERT INTO "Job" ("shipId", "woNumber", "department", "workCenterCode", "jobDescription", "phase", "buildContext", "workPackageCode", "drawingRef", "zone", "scheduleCode", "allocatedHours", "actualHours", "materialCost", "notes", "status", "dateCreated") VALUES (1, 'ISB-DDG129-TEST-TRIALS-006', 'Test, Trials & Waterfront Support', 'TEST-TRIALS', 'Deck CG migration — inclining experiment prerequisites & draft marks witness.', 'Sea trials prep', 'DDG Flight IIA — Aegis Baseline 9C2 (demo label)', 'WP-2026-DG51-TRIAL-INST-9900', '800-900-1100333 Rev A (trial card index)', 'Waterline · Draft marks · Mobility barge window T-14', 'LOB-ST-01A', 96, NULL, NULL, NULL, 'OPEN', '2026-04-22T18:53:42.074Z'::timestamptz);
INSERT INTO "Metric" ("shipId", "department", "category", "value") VALUES (1, 'Planning Yard', 'Labor Hours', 15022);
INSERT INTO "Metric" ("shipId", "department", "category", "value") VALUES (1, 'Planning Yard', 'Cost Variance', -0.05);
INSERT INTO "Metric" ("shipId", "department", "category", "value") VALUES (1, 'Planning Yard', 'Schedule Variance', 0.19);
INSERT INTO "Metric" ("shipId", "department", "category", "value") VALUES (1, 'Planning Yard', 'Defect Rate', 0.9);
INSERT INTO "Metric" ("shipId", "department", "category", "value") VALUES (1, 'Planning Yard', 'Material Spend', 238525);
INSERT INTO "Metric" ("shipId", "department", "category", "value") VALUES (1, 'Electrical', 'Labor Hours', 16039);
INSERT INTO "Metric" ("shipId", "department", "category", "value") VALUES (1, 'Electrical', 'Cost Variance', -0.03);
INSERT INTO "Metric" ("shipId", "department", "category", "value") VALUES (1, 'Electrical', 'Schedule Variance', 0.21);
INSERT INTO "Metric" ("shipId", "department", "category", "value") VALUES (1, 'Electrical', 'Defect Rate', 0.91);
INSERT INTO "Metric" ("shipId", "department", "category", "value") VALUES (1, 'Electrical', 'Material Spend', 261225);
INSERT INTO "Metric" ("shipId", "department", "category", "value") VALUES (1, 'Mechanical', 'Labor Hours', 17070.4);
INSERT INTO "Metric" ("shipId", "department", "category", "value") VALUES (1, 'Mechanical', 'Cost Variance', -0.01);
INSERT INTO "Metric" ("shipId", "department", "category", "value") VALUES (1, 'Mechanical', 'Schedule Variance', 0.22);
INSERT INTO "Metric" ("shipId", "department", "category", "value") VALUES (1, 'Mechanical', 'Defect Rate', 0.92);
INSERT INTO "Metric" ("shipId", "department", "category", "value") VALUES (1, 'Mechanical', 'Material Spend', 284885);
INSERT INTO "Metric" ("shipId", "department", "category", "value") VALUES (1, 'Pipefitting', 'Labor Hours', 18116.2);
INSERT INTO "Metric" ("shipId", "department", "category", "value") VALUES (1, 'Pipefitting', 'Cost Variance', 0.01);
INSERT INTO "Metric" ("shipId", "department", "category", "value") VALUES (1, 'Pipefitting', 'Schedule Variance', 0.24);
INSERT INTO "Metric" ("shipId", "department", "category", "value") VALUES (1, 'Pipefitting', 'Defect Rate', 0.92);
INSERT INTO "Metric" ("shipId", "department", "category", "value") VALUES (1, 'Pipefitting', 'Material Spend', 309505);
INSERT INTO "Metric" ("shipId", "department", "category", "value") VALUES (1, 'Welding', 'Labor Hours', 19176.4);
INSERT INTO "Metric" ("shipId", "department", "category", "value") VALUES (1, 'Welding', 'Cost Variance', 0.03);
INSERT INTO "Metric" ("shipId", "department", "category", "value") VALUES (1, 'Welding', 'Schedule Variance', 0.25);
INSERT INTO "Metric" ("shipId", "department", "category", "value") VALUES (1, 'Welding', 'Defect Rate', 0.93);
INSERT INTO "Metric" ("shipId", "department", "category", "value") VALUES (1, 'Welding', 'Material Spend', 335085);
INSERT INTO "Metric" ("shipId", "department", "category", "value") VALUES (1, 'Paint', 'Labor Hours', 20251);
INSERT INTO "Metric" ("shipId", "department", "category", "value") VALUES (1, 'Paint', 'Cost Variance', 0.05);
INSERT INTO "Metric" ("shipId", "department", "category", "value") VALUES (1, 'Paint', 'Schedule Variance', 0.26);
INSERT INTO "Metric" ("shipId", "department", "category", "value") VALUES (1, 'Paint', 'Defect Rate', 0.94);
INSERT INTO "Metric" ("shipId", "department", "category", "value") VALUES (1, 'Paint', 'Material Spend', 361625);
INSERT INTO "Ship" ("id", "hullNumber", "shipClass", "displayLabel") VALUES (2, 128, 'DDG', 'DDG 128');
INSERT INTO "Job" ("shipId", "woNumber", "department", "workCenterCode", "jobDescription", "phase", "buildContext", "workPackageCode", "drawingRef", "zone", "scheduleCode", "allocatedHours", "actualHours", "materialCost", "notes", "status", "dateCreated") VALUES (2, 'ISB-DDG128-HULL-STEEL-001', 'Hull / Steel Fabrication', 'HULL-STEEL', 'Shell insert at frame 275 — FA weld UT sampling per traveler W-884 (sister ship lessons learned).', 'Structural', 'DDG Flight IIA — repeat hull (demo)', 'WP-2026-DDG-HULL-STEEL-01', '473-211-9900211 Rev B', 'OB-2 · Fr 62–77 · Staging 2', 'LOB-STRUC-1B', 36, NULL, NULL, NULL, 'OPEN', '2026-04-22T23:53:42.075Z'::timestamptz);
INSERT INTO "Job" ("shipId", "woNumber", "department", "workCenterCode", "jobDescription", "phase", "buildContext", "workPackageCode", "drawingRef", "zone", "scheduleCode", "allocatedHours", "actualHours", "materialCost", "notes", "status", "dateCreated") VALUES (2, 'ISB-DDG128-WELD-PROD-002', 'Welding Production', 'WELD-PROD', 'Longitudinal seam VT — sequence 7-of-12, interpass temp tracking.', 'Structural', 'DDG Flight IIA — repeat hull (demo)', 'WP-2026-DDG-WELD-PROD-02', '476-212-9900422 Rev C', 'OB-3 · Fr 84–99 · Staging 3', 'LOB-STRUC-2A', 48, NULL, NULL, NULL, 'OPEN', '2026-04-22T22:53:42.075Z'::timestamptz);
INSERT INTO "Job" ("shipId", "woNumber", "department", "workCenterCode", "jobDescription", "phase", "buildContext", "workPackageCode", "drawingRef", "zone", "scheduleCode", "allocatedHours", "actualHours", "materialCost", "notes", "status", "dateCreated") VALUES (2, 'ISB-DDG128-SUBASSY-003', 'Subassembly & Module Integration', 'SUBASSY', 'Deckhouse module L4 — grillage pin alignment & module pull-in cable tension log.', 'Integration', 'DDG Flight IIA — repeat hull (demo)', 'WP-2026-DDG-SUBASSY-03', '479-213-9900633 Rev D', 'OB-4 · Fr 106–121 · Staging 4', 'LOB-INTEG-3B', 60, NULL, NULL, NULL, 'OPEN', '2026-04-22T21:53:42.075Z'::timestamptz);
INSERT INTO "Job" ("shipId", "woNumber", "department", "workCenterCode", "jobDescription", "phase", "buildContext", "workPackageCode", "drawingRef", "zone", "scheduleCode", "allocatedHours", "actualHours", "materialCost", "notes", "status", "dateCreated") VALUES (2, 'ISB-DDG128-PIPE-004', 'Pipe Fabrication & Installation', 'PIPE', 'Dry fire mains forward zone — flange management & hydro hold package.', 'Weapons / aux', 'DDG Flight IIA — repeat hull (demo)', 'WP-2026-DDG-PIPE-04', '482-214-9900844 Rev A', 'OB-5 · Fr 128–143 · Staging 1', 'LOB-WEAPO-4A', 72, NULL, NULL, 'Hold: coordination with waterfront crane window.', 'OPEN', '2026-04-22T20:53:42.075Z'::timestamptz);
INSERT INTO "Metric" ("shipId", "department", "category", "value") VALUES (2, 'Planning Yard', 'Labor Hours', 16068);
INSERT INTO "Metric" ("shipId", "department", "category", "value") VALUES (2, 'Planning Yard', 'Cost Variance', -0.05);
INSERT INTO "Metric" ("shipId", "department", "category", "value") VALUES (2, 'Planning Yard', 'Schedule Variance', 0.2);
INSERT INTO "Metric" ("shipId", "department", "category", "value") VALUES (2, 'Planning Yard', 'Defect Rate', 0.88);
INSERT INTO "Metric" ("shipId", "department", "category", "value") VALUES (2, 'Planning Yard', 'Material Spend', 257500);
INSERT INTO "Metric" ("shipId", "department", "category", "value") VALUES (2, 'Electrical', 'Labor Hours', 17134.8);
INSERT INTO "Metric" ("shipId", "department", "category", "value") VALUES (2, 'Electrical', 'Cost Variance', -0.03);
INSERT INTO "Metric" ("shipId", "department", "category", "value") VALUES (2, 'Electrical', 'Schedule Variance', 0.22);
INSERT INTO "Metric" ("shipId", "department", "category", "value") VALUES (2, 'Electrical', 'Defect Rate', 0.89);
INSERT INTO "Metric" ("shipId", "department", "category", "value") VALUES (2, 'Electrical', 'Material Spend', 281220);
INSERT INTO "Metric" ("shipId", "department", "category", "value") VALUES (2, 'Mechanical', 'Labor Hours', 18216);
INSERT INTO "Metric" ("shipId", "department", "category", "value") VALUES (2, 'Mechanical', 'Cost Variance', -0.01);
INSERT INTO "Metric" ("shipId", "department", "category", "value") VALUES (2, 'Mechanical', 'Schedule Variance', 0.23);
INSERT INTO "Metric" ("shipId", "department", "category", "value") VALUES (2, 'Mechanical', 'Defect Rate', 0.9);
INSERT INTO "Metric" ("shipId", "department", "category", "value") VALUES (2, 'Mechanical', 'Material Spend', 305900);
INSERT INTO "Metric" ("shipId", "department", "category", "value") VALUES (2, 'Pipefitting', 'Labor Hours', 19311.6);
INSERT INTO "Metric" ("shipId", "department", "category", "value") VALUES (2, 'Pipefitting', 'Cost Variance', 0.01);
INSERT INTO "Metric" ("shipId", "department", "category", "value") VALUES (2, 'Pipefitting', 'Schedule Variance', 0.25);
INSERT INTO "Metric" ("shipId", "department", "category", "value") VALUES (2, 'Pipefitting', 'Defect Rate', 0.91);
INSERT INTO "Metric" ("shipId", "department", "category", "value") VALUES (2, 'Pipefitting', 'Material Spend', 331540);
INSERT INTO "Metric" ("shipId", "department", "category", "value") VALUES (2, 'Welding', 'Labor Hours', 20421.6);
INSERT INTO "Metric" ("shipId", "department", "category", "value") VALUES (2, 'Welding', 'Cost Variance', 0.03);
INSERT INTO "Metric" ("shipId", "department", "category", "value") VALUES (2, 'Welding', 'Schedule Variance', 0.26);
INSERT INTO "Metric" ("shipId", "department", "category", "value") VALUES (2, 'Welding', 'Defect Rate', 0.91);
INSERT INTO "Metric" ("shipId", "department", "category", "value") VALUES (2, 'Welding', 'Material Spend', 358140);
INSERT INTO "Metric" ("shipId", "department", "category", "value") VALUES (2, 'Paint', 'Labor Hours', 21546);
INSERT INTO "Metric" ("shipId", "department", "category", "value") VALUES (2, 'Paint', 'Cost Variance', 0.05);
INSERT INTO "Metric" ("shipId", "department", "category", "value") VALUES (2, 'Paint', 'Schedule Variance', 0.28);
INSERT INTO "Metric" ("shipId", "department", "category", "value") VALUES (2, 'Paint', 'Defect Rate', 0.92);
INSERT INTO "Metric" ("shipId", "department", "category", "value") VALUES (2, 'Paint', 'Material Spend', 385700);
INSERT INTO "Ship" ("id", "hullNumber", "shipClass", "displayLabel") VALUES (3, 8, 'LHA', 'LHA 8');
INSERT INTO "Job" ("shipId", "woNumber", "department", "workCenterCode", "jobDescription", "phase", "buildContext", "workPackageCode", "drawingRef", "zone", "scheduleCode", "allocatedHours", "actualHours", "materialCost", "notes", "status", "dateCreated") VALUES (3, 'ISB-LHA8-PLAN-YARD-001', 'Planning Yard', 'PLAN-YARD', 'Well dock ballast valve package — docking blocks load-out sequence & stress callouts.', 'Well deck', 'America class — amphibious readiness (demo)', 'WP-2026-LHA-PLAN-YARD-01', '473-211-9900211 Rev B', 'OB-2 · Fr 62–77 · Staging 2', 'LOB-WELLD-1B', 36, NULL, NULL, NULL, 'OPEN', '2026-04-22T23:53:42.076Z'::timestamptz);
INSERT INTO "Job" ("shipId", "woNumber", "department", "workCenterCode", "jobDescription", "phase", "buildContext", "workPackageCode", "drawingRef", "zone", "scheduleCode", "allocatedHours", "actualHours", "materialCost", "notes", "status", "dateCreated") VALUES (3, 'ISB-LHA8-STRUCT-OUTFIT-002', 'Structural Outfitting (Hatch & Shell)', 'STRUCT-OUTFIT', 'Island lift lug — weld map & loose gear sweep prior to crane window.', 'Aviation island', 'America class — amphibious readiness (demo)', 'WP-2026-LHA-STRUCT-OUTFIT-02', '476-212-9900422 Rev C', 'OB-3 · Fr 84–99 · Staging 3', 'LOB-AVIAT-2A', 48, NULL, NULL, NULL, 'OPEN', '2026-04-22T22:53:42.076Z'::timestamptz);
INSERT INTO "Job" ("shipId", "woNumber", "department", "workCenterCode", "jobDescription", "phase", "buildContext", "workPackageCode", "drawingRef", "zone", "scheduleCode", "allocatedHours", "actualHours", "materialCost", "notes", "status", "dateCreated") VALUES (3, 'ISB-LHA8-ELEC-003', 'Electrical & Shipboard Cable', 'ELEC', 'Hangar bay 450 Hz loop — cable routing conflict resolution vs fire boundary.', 'Ship service', 'America class — amphibious readiness (demo)', 'WP-2026-LHA-ELEC-03', '479-213-9900633 Rev D', 'OB-4 · Fr 106–121 · Staging 4', 'LOB-SHIPS-3B', 60, NULL, NULL, NULL, 'OPEN', '2026-04-22T21:53:42.076Z'::timestamptz);
INSERT INTO "Job" ("shipId", "woNumber", "department", "workCenterCode", "jobDescription", "phase", "buildContext", "workPackageCode", "drawingRef", "zone", "scheduleCode", "allocatedHours", "actualHours", "materialCost", "notes", "status", "dateCreated") VALUES (3, 'ISB-LHA8-PIPE-004', 'Pipe Fabrication & Installation', 'PIPE', 'JP-5 transfer manifold — bleed sequence & gasket registry for first fill.', 'Fuel / ballast', 'America class — amphibious readiness (demo)', 'WP-2026-LHA-PIPE-04', '482-214-9900844 Rev A', 'OB-5 · Fr 128–143 · Staging 1', 'LOB-FUEL/-4A', 72, NULL, NULL, 'Hold: coordination with waterfront crane window.', 'OPEN', '2026-04-22T20:53:42.076Z'::timestamptz);
INSERT INTO "Job" ("shipId", "woNumber", "department", "workCenterCode", "jobDescription", "phase", "buildContext", "workPackageCode", "drawingRef", "zone", "scheduleCode", "allocatedHours", "actualHours", "materialCost", "notes", "status", "dateCreated") VALUES (3, 'ISB-LHA8-SUBASSY-005', 'Subassembly & Module Integration', 'SUBASSY', 'Ramp machinery module — borescope bore alignment & dowel pin substitution log.', 'Cargo systems', 'America class — amphibious readiness (demo)', 'WP-2026-LHA-SUBASSY-05', '485-215-9901055 Rev B', 'OB-6 · Fr 150–165 · Staging 2', 'LOB-CARGO-5B', 84, NULL, NULL, NULL, 'IN_PROGRESS', '2026-04-22T19:53:42.076Z'::timestamptz);
INSERT INTO "Metric" ("shipId", "department", "category", "value") VALUES (3, 'Planning Yard', 'Labor Hours', 17138);
INSERT INTO "Metric" ("shipId", "department", "category", "value") VALUES (3, 'Planning Yard', 'Cost Variance', -0.05);
INSERT INTO "Metric" ("shipId", "department", "category", "value") VALUES (3, 'Planning Yard', 'Schedule Variance', 0.18);
INSERT INTO "Metric" ("shipId", "department", "category", "value") VALUES (3, 'Planning Yard', 'Defect Rate', 0.9);
INSERT INTO "Metric" ("shipId", "department", "category", "value") VALUES (3, 'Planning Yard', 'Material Spend', 276925);
INSERT INTO "Metric" ("shipId", "department", "category", "value") VALUES (3, 'Electrical', 'Labor Hours', 18254.6);
INSERT INTO "Metric" ("shipId", "department", "category", "value") VALUES (3, 'Electrical', 'Cost Variance', -0.03);
INSERT INTO "Metric" ("shipId", "department", "category", "value") VALUES (3, 'Electrical', 'Schedule Variance', 0.2);
INSERT INTO "Metric" ("shipId", "department", "category", "value") VALUES (3, 'Electrical', 'Defect Rate', 0.91);
INSERT INTO "Metric" ("shipId", "department", "category", "value") VALUES (3, 'Electrical', 'Material Spend', 301665);
INSERT INTO "Metric" ("shipId", "department", "category", "value") VALUES (3, 'Mechanical', 'Labor Hours', 19385.6);
INSERT INTO "Metric" ("shipId", "department", "category", "value") VALUES (3, 'Mechanical', 'Cost Variance', -0.01);
INSERT INTO "Metric" ("shipId", "department", "category", "value") VALUES (3, 'Mechanical', 'Schedule Variance', 0.21);
INSERT INTO "Metric" ("shipId", "department", "category", "value") VALUES (3, 'Mechanical', 'Defect Rate', 0.92);
INSERT INTO "Metric" ("shipId", "department", "category", "value") VALUES (3, 'Mechanical', 'Material Spend', 327365);
INSERT INTO "Metric" ("shipId", "department", "category", "value") VALUES (3, 'Pipefitting', 'Labor Hours', 20531);
INSERT INTO "Metric" ("shipId", "department", "category", "value") VALUES (3, 'Pipefitting', 'Cost Variance', 0.01);
INSERT INTO "Metric" ("shipId", "department", "category", "value") VALUES (3, 'Pipefitting', 'Schedule Variance', 0.23);
INSERT INTO "Metric" ("shipId", "department", "category", "value") VALUES (3, 'Pipefitting', 'Defect Rate', 0.92);
INSERT INTO "Metric" ("shipId", "department", "category", "value") VALUES (3, 'Pipefitting', 'Material Spend', 354025);
INSERT INTO "Metric" ("shipId", "department", "category", "value") VALUES (3, 'Welding', 'Labor Hours', 21690.8);
INSERT INTO "Metric" ("shipId", "department", "category", "value") VALUES (3, 'Welding', 'Cost Variance', 0.03);
INSERT INTO "Metric" ("shipId", "department", "category", "value") VALUES (3, 'Welding', 'Schedule Variance', 0.24);
INSERT INTO "Metric" ("shipId", "department", "category", "value") VALUES (3, 'Welding', 'Defect Rate', 0.93);
INSERT INTO "Metric" ("shipId", "department", "category", "value") VALUES (3, 'Welding', 'Material Spend', 381645);
INSERT INTO "Metric" ("shipId", "department", "category", "value") VALUES (3, 'Paint', 'Labor Hours', 22865);
INSERT INTO "Metric" ("shipId", "department", "category", "value") VALUES (3, 'Paint', 'Cost Variance', 0.05);
INSERT INTO "Metric" ("shipId", "department", "category", "value") VALUES (3, 'Paint', 'Schedule Variance', 0.25);
INSERT INTO "Metric" ("shipId", "department", "category", "value") VALUES (3, 'Paint', 'Defect Rate', 0.94);
INSERT INTO "Metric" ("shipId", "department", "category", "value") VALUES (3, 'Paint', 'Material Spend', 410225);
INSERT INTO "Ship" ("id", "hullNumber", "shipClass", "displayLabel") VALUES (4, 28, 'LPD', 'LPD 28');
INSERT INTO "Job" ("shipId", "woNumber", "department", "workCenterCode", "jobDescription", "phase", "buildContext", "workPackageCode", "drawingRef", "zone", "scheduleCode", "allocatedHours", "actualHours", "materialCost", "notes", "status", "dateCreated") VALUES (4, 'ISB-LPD28-HULL-STEEL-001', 'Hull / Steel Fabrication', 'HULL-STEEL', 'Mid-body transverse bulkhead continuity — distortion control plan vs summer heat soak.', 'Structural', 'San Antonio variant — expeditionary support (demo)', 'WP-2026-LPD-HULL-STEEL-01', '473-211-9900211 Rev B', 'OB-2 · Fr 62–77 · Staging 2', 'LOB-STRUC-1B', 36, NULL, NULL, NULL, 'OPEN', '2026-04-22T23:53:42.076Z'::timestamptz);
INSERT INTO "Job" ("shipId", "woNumber", "department", "workCenterCode", "jobDescription", "phase", "buildContext", "workPackageCode", "drawingRef", "zone", "scheduleCode", "allocatedHours", "actualHours", "materialCost", "notes", "status", "dateCreated") VALUES (4, 'ISB-LPD28-PIPE-002', 'Pipe Fabrication & Installation', 'PIPE', 'Main seawater crossover — zinc isolation check & flange torquemap.', 'Machinery', 'San Antonio variant — expeditionary support (demo)', 'WP-2026-LPD-PIPE-02', '476-212-9900422 Rev C', 'OB-3 · Fr 84–99 · Staging 3', 'LOB-MACHI-2A', 48, NULL, NULL, NULL, 'OPEN', '2026-04-22T22:53:42.076Z'::timestamptz);
INSERT INTO "Job" ("shipId", "woNumber", "department", "workCenterCode", "jobDescription", "phase", "buildContext", "workPackageCode", "drawingRef", "zone", "scheduleCode", "allocatedHours", "actualHours", "materialCost", "notes", "status", "dateCreated") VALUES (4, 'ISB-LPD28-BLAST-PAINT-003', 'Abrasive Blasting & Paint', 'BLAST-PAINT', 'Well deck overhead — stripe coat holiday repair prior to troop walkthrough.', 'Preservation', 'San Antonio variant — expeditionary support (demo)', 'WP-2026-LPD-BLAST-PAINT-03', '479-213-9900633 Rev D', 'OB-4 · Fr 106–121 · Staging 4', 'LOB-PRESE-3B', 60, NULL, NULL, NULL, 'OPEN', '2026-04-22T21:53:42.076Z'::timestamptz);
INSERT INTO "Job" ("shipId", "woNumber", "department", "workCenterCode", "jobDescription", "phase", "buildContext", "workPackageCode", "drawingRef", "zone", "scheduleCode", "allocatedHours", "actualHours", "materialCost", "notes", "status", "dateCreated") VALUES (4, 'ISB-LPD28-TEST-TRIALS-004', 'Test, Trials & Waterfront Support', 'TEST-TRIALS', 'Deck-edge dewatering demonstration — choreography with tug & line handlers.', 'Harbor trials', 'San Antonio variant — expeditionary support (demo)', 'WP-2026-LPD-TEST-TRIALS-04', '482-214-9900844 Rev A', 'OB-5 · Fr 128–143 · Staging 1', 'LOB-HARBO-4A', 72, NULL, NULL, 'Hold: coordination with waterfront crane window.', 'OPEN', '2026-04-22T20:53:42.076Z'::timestamptz);
INSERT INTO "Metric" ("shipId", "department", "category", "value") VALUES (4, 'Planning Yard', 'Labor Hours', 17200);
INSERT INTO "Metric" ("shipId", "department", "category", "value") VALUES (4, 'Planning Yard', 'Cost Variance', -0.05);
INSERT INTO "Metric" ("shipId", "department", "category", "value") VALUES (4, 'Planning Yard', 'Schedule Variance', 0.19);
INSERT INTO "Metric" ("shipId", "department", "category", "value") VALUES (4, 'Planning Yard', 'Defect Rate', 0.88);
INSERT INTO "Metric" ("shipId", "department", "category", "value") VALUES (4, 'Planning Yard', 'Material Spend', 280000);
INSERT INTO "Metric" ("shipId", "department", "category", "value") VALUES (4, 'Electrical', 'Labor Hours', 18359.2);
INSERT INTO "Metric" ("shipId", "department", "category", "value") VALUES (4, 'Electrical', 'Cost Variance', -0.03);
INSERT INTO "Metric" ("shipId", "department", "category", "value") VALUES (4, 'Electrical', 'Schedule Variance', 0.21);
INSERT INTO "Metric" ("shipId", "department", "category", "value") VALUES (4, 'Electrical', 'Defect Rate', 0.89);
INSERT INTO "Metric" ("shipId", "department", "category", "value") VALUES (4, 'Electrical', 'Material Spend', 305280);
INSERT INTO "Metric" ("shipId", "department", "category", "value") VALUES (4, 'Mechanical', 'Labor Hours', 19532.8);
INSERT INTO "Metric" ("shipId", "department", "category", "value") VALUES (4, 'Mechanical', 'Cost Variance', -0.01);
INSERT INTO "Metric" ("shipId", "department", "category", "value") VALUES (4, 'Mechanical', 'Schedule Variance', 0.22);
INSERT INTO "Metric" ("shipId", "department", "category", "value") VALUES (4, 'Mechanical', 'Defect Rate', 0.9);
INSERT INTO "Metric" ("shipId", "department", "category", "value") VALUES (4, 'Mechanical', 'Material Spend', 331520);
INSERT INTO "Metric" ("shipId", "department", "category", "value") VALUES (4, 'Pipefitting', 'Labor Hours', 20720.8);
INSERT INTO "Metric" ("shipId", "department", "category", "value") VALUES (4, 'Pipefitting', 'Cost Variance', 0.01);
INSERT INTO "Metric" ("shipId", "department", "category", "value") VALUES (4, 'Pipefitting', 'Schedule Variance', 0.24);
INSERT INTO "Metric" ("shipId", "department", "category", "value") VALUES (4, 'Pipefitting', 'Defect Rate', 0.91);
INSERT INTO "Metric" ("shipId", "department", "category", "value") VALUES (4, 'Pipefitting', 'Material Spend', 358720);
INSERT INTO "Metric" ("shipId", "department", "category", "value") VALUES (4, 'Welding', 'Labor Hours', 21923.2);
INSERT INTO "Metric" ("shipId", "department", "category", "value") VALUES (4, 'Welding', 'Cost Variance', 0.03);
INSERT INTO "Metric" ("shipId", "department", "category", "value") VALUES (4, 'Welding', 'Schedule Variance', 0.25);
INSERT INTO "Metric" ("shipId", "department", "category", "value") VALUES (4, 'Welding', 'Defect Rate', 0.91);
INSERT INTO "Metric" ("shipId", "department", "category", "value") VALUES (4, 'Welding', 'Material Spend', 386880);
INSERT INTO "Metric" ("shipId", "department", "category", "value") VALUES (4, 'Paint', 'Labor Hours', 23140);
INSERT INTO "Metric" ("shipId", "department", "category", "value") VALUES (4, 'Paint', 'Cost Variance', 0.05);
INSERT INTO "Metric" ("shipId", "department", "category", "value") VALUES (4, 'Paint', 'Schedule Variance', 0.26);
INSERT INTO "Metric" ("shipId", "department", "category", "value") VALUES (4, 'Paint', 'Defect Rate', 0.92);
INSERT INTO "Metric" ("shipId", "department", "category", "value") VALUES (4, 'Paint', 'Material Spend', 416000);
INSERT INTO "Ship" ("id", "hullNumber", "shipClass", "displayLabel") VALUES (5, 3, 'DDGX', 'DDGX 3 (technology demonstrator)');
INSERT INTO "Job" ("shipId", "woNumber", "department", "workCenterCode", "jobDescription", "phase", "buildContext", "workPackageCode", "drawingRef", "zone", "scheduleCode", "allocatedHours", "actualHours", "materialCost", "notes", "status", "dateCreated") VALUES (5, 'ISB-DDGX3-PLAN-YARD-001', 'Planning Yard', 'PLAN-YARD', 'MBSE work package reconcile — zone 440 outfit vs laser scan delta resolution.', 'Digital twin handoff', 'Future large surface combatant envelope (demo-only label)', 'WP-2026-DDGX-PLAN-YARD-01', '473-211-9900211 Rev B', 'OB-2 · Fr 62–77 · Staging 2', 'LOB-DIGIT-1B', 36, NULL, NULL, NULL, 'OPEN', '2026-04-22T23:53:42.076Z'::timestamptz);
INSERT INTO "Job" ("shipId", "woNumber", "department", "workCenterCode", "jobDescription", "phase", "buildContext", "workPackageCode", "drawingRef", "zone", "scheduleCode", "allocatedHours", "actualHours", "materialCost", "notes", "status", "dateCreated") VALUES (5, 'ISB-DDGX3-SUBASSY-002', 'Subassembly & Module Integration', 'SUBASSY', 'Deckhouse utility spine — provisional cable stack & EMI boundary mock fit.', 'Mission module', 'Future large surface combatant envelope (demo-only label)', 'WP-2026-DDGX-SUBASSY-02', '476-212-9900422 Rev C', 'OB-3 · Fr 84–99 · Staging 3', 'LOB-MISSI-2A', 48, NULL, NULL, NULL, 'OPEN', '2026-04-22T22:53:42.076Z'::timestamptz);
INSERT INTO "Job" ("shipId", "woNumber", "department", "workCenterCode", "jobDescription", "phase", "buildContext", "workPackageCode", "drawingRef", "zone", "scheduleCode", "allocatedHours", "actualHours", "materialCost", "notes", "status", "dateCreated") VALUES (5, 'ISB-DDGX3-WELD-PROD-003', 'Welding Production', 'WELD-PROD', 'Ultra-HY steel insert coupon — PWHT recipe trace & hardness map.', 'Low-signature inserts', 'Future large surface combatant envelope (demo-only label)', 'WP-2026-DDGX-WELD-PROD-03', '479-213-9900633 Rev D', 'OB-4 · Fr 106–121 · Staging 4', 'LOB-LOW-S-3B', 60, NULL, NULL, NULL, 'OPEN', '2026-04-22T21:53:42.076Z'::timestamptz);
INSERT INTO "Job" ("shipId", "woNumber", "department", "workCenterCode", "jobDescription", "phase", "buildContext", "workPackageCode", "drawingRef", "zone", "scheduleCode", "allocatedHours", "actualHours", "materialCost", "notes", "status", "dateCreated") VALUES (5, 'ISB-DDGX3-ELEC-004', 'Electrical & Shipboard Cable', 'ELEC', 'Integrated power chassis — coolant loop burp & glycol sampling ROE.', 'Power electronics', 'Future large surface combatant envelope (demo-only label)', 'WP-2026-DDGX-ELEC-04', '482-214-9900844 Rev A', 'OB-5 · Fr 128–143 · Staging 1', 'LOB-POWER-4A', 72, NULL, NULL, 'Hold: coordination with waterfront crane window.', 'OPEN', '2026-04-22T20:53:42.076Z'::timestamptz);
INSERT INTO "Metric" ("shipId", "department", "category", "value") VALUES (5, 'Planning Yard', 'Labor Hours', 18270);
INSERT INTO "Metric" ("shipId", "department", "category", "value") VALUES (5, 'Planning Yard', 'Cost Variance', -0.05);
INSERT INTO "Metric" ("shipId", "department", "category", "value") VALUES (5, 'Planning Yard', 'Schedule Variance', 0.2);
INSERT INTO "Metric" ("shipId", "department", "category", "value") VALUES (5, 'Planning Yard', 'Defect Rate', 0.9);
INSERT INTO "Metric" ("shipId", "department", "category", "value") VALUES (5, 'Planning Yard', 'Material Spend', 299425);
INSERT INTO "Metric" ("shipId", "department", "category", "value") VALUES (5, 'Electrical', 'Labor Hours', 19479);
INSERT INTO "Metric" ("shipId", "department", "category", "value") VALUES (5, 'Electrical', 'Cost Variance', -0.03);
INSERT INTO "Metric" ("shipId", "department", "category", "value") VALUES (5, 'Electrical', 'Schedule Variance', 0.22);
INSERT INTO "Metric" ("shipId", "department", "category", "value") VALUES (5, 'Electrical', 'Defect Rate', 0.91);
INSERT INTO "Metric" ("shipId", "department", "category", "value") VALUES (5, 'Electrical', 'Material Spend', 325725);
INSERT INTO "Metric" ("shipId", "department", "category", "value") VALUES (5, 'Mechanical', 'Labor Hours', 20702.4);
INSERT INTO "Metric" ("shipId", "department", "category", "value") VALUES (5, 'Mechanical', 'Cost Variance', -0.01);
INSERT INTO "Metric" ("shipId", "department", "category", "value") VALUES (5, 'Mechanical', 'Schedule Variance', 0.23);
INSERT INTO "Metric" ("shipId", "department", "category", "value") VALUES (5, 'Mechanical', 'Defect Rate', 0.92);
INSERT INTO "Metric" ("shipId", "department", "category", "value") VALUES (5, 'Mechanical', 'Material Spend', 352985);
INSERT INTO "Metric" ("shipId", "department", "category", "value") VALUES (5, 'Pipefitting', 'Labor Hours', 21940.2);
INSERT INTO "Metric" ("shipId", "department", "category", "value") VALUES (5, 'Pipefitting', 'Cost Variance', 0.01);
INSERT INTO "Metric" ("shipId", "department", "category", "value") VALUES (5, 'Pipefitting', 'Schedule Variance', 0.25);
INSERT INTO "Metric" ("shipId", "department", "category", "value") VALUES (5, 'Pipefitting', 'Defect Rate', 0.92);
INSERT INTO "Metric" ("shipId", "department", "category", "value") VALUES (5, 'Pipefitting', 'Material Spend', 381205);
INSERT INTO "Metric" ("shipId", "department", "category", "value") VALUES (5, 'Welding', 'Labor Hours', 23192.4);
INSERT INTO "Metric" ("shipId", "department", "category", "value") VALUES (5, 'Welding', 'Cost Variance', 0.03);
INSERT INTO "Metric" ("shipId", "department", "category", "value") VALUES (5, 'Welding', 'Schedule Variance', 0.26);
INSERT INTO "Metric" ("shipId", "department", "category", "value") VALUES (5, 'Welding', 'Defect Rate', 0.93);
INSERT INTO "Metric" ("shipId", "department", "category", "value") VALUES (5, 'Welding', 'Material Spend', 410385);
INSERT INTO "Metric" ("shipId", "department", "category", "value") VALUES (5, 'Paint', 'Labor Hours', 24459);
INSERT INTO "Metric" ("shipId", "department", "category", "value") VALUES (5, 'Paint', 'Cost Variance', 0.05);
INSERT INTO "Metric" ("shipId", "department", "category", "value") VALUES (5, 'Paint', 'Schedule Variance', 0.28);
INSERT INTO "Metric" ("shipId", "department", "category", "value") VALUES (5, 'Paint', 'Defect Rate', 0.94);
INSERT INTO "Metric" ("shipId", "department", "category", "value") VALUES (5, 'Paint', 'Material Spend', 440525);

-- Assistance + call board on first DDG 129–style WO (same as seed lookup)
DO $$
DECLARE jid int; aid int; eid int;
BEGIN
  SELECT j."id" INTO jid FROM "Job" j INNER JOIN "Ship" s ON s."id" = j."shipId" WHERE s."shipClass" = 'DDG' AND s."hullNumber" = 129 ORDER BY j."id" ASC LIMIT 1;
  SELECT "id" INTO aid FROM "User" WHERE "name" = 'Alex Rivera' LIMIT 1;
  SELECT "id" INTO eid FROM "User" WHERE "name" = 'Dr. Casey Lin' LIMIT 1;
  IF jid IS NOT NULL AND aid IS NOT NULL THEN
    INSERT INTO "AssistanceRequest" ("jobId", "fromUserId", "message", "status") VALUES (jid, aid, 'Need foreman eyes on JP-5 loop torque sequence — interference with adjacent cable tray.', 'PENDING');
  END IF;
  IF jid IS NOT NULL AND aid IS NOT NULL AND eid IS NOT NULL THEN
    INSERT INTO "CallBoardEntry" ("jobId", "openedById", "category", "description", "status", "engineerId", "engineerResponse", "resolutionNote", "closedAt")
    VALUES (jid, aid, 'ENGINEERING', 'Request EC review for routing clip spacing vs shock qualification margin.', 'CLOSED', eid, 'Approved alternate clip pattern per sketch SK-4412 rev C — update traveler before hydro.', 'IE notified for standard hours adjustment (+4h planning).', NOW());
  END IF;
END $$;

COMMIT;
